id,createdAt,updatedAt,Land_ID,State,District,Mandal,Village,Soil_Type,Approach_Road_Length,Longitude,Approach_Road_Type,Status,Latitude,Land_Zone_Data,Electricity,Price_per_Acre,Water_Source_Data,Fencing
1,Sat Nov 08 2025 22:06:58 GMT+0530 (India Standard Time),Sat Nov 08 2025 22:06:58 GMT+0530 (India Standard Time),5096,Telangana,Rangareddy,Kondurg,Tekulapalle,Black,25,78.09244,kacha,active,17.1463817,0,0,0.85,0,0
2,Sat Nov 08 2025 22:07:02 GMT+0530 (India Standard Time),Sat Nov 08 2025 22:07:02 GMT+0530 (India Standard Time),8625,Telangana,Nagarkurnool,Veldanda,Veldanda,black,,78.53518495,,active,16.75748643,0,0,1.7,0,0
3,Sat Nov 08 2025 22:07:06 GMT+0530 (India Standard Time),Sat Nov 08 2025 22:07:06 GMT+0530 (India Standard Time),4953,Telangana,Nalgonda,Chintha Palle,Kurmaidu,Black,0,78.75629,,active,16.871714,0,0,0.8,0,0
4,Sat Nov 08 2025 22:07:09 GMT+0530 (India Standard Time),Sat Nov 08 2025 22:07:09 GMT+0530 (India Standard Time),4163,Telangana,Rangareddy,Talakondapally,Veljala,Red,20,78.3699391,kacha,active,16.8358808,0,0,0.7,0,1
5,Sat Nov 08 2025 22:07:12 GMT+0530 (India Standard Time),Sat Nov 08 2025 22:07:12 GMT+0530 (India Standard Time),9993,Telangana,Nalgonda,Devarakonda,Turupu Palli,,100,78.823479,highway_road,active,16.690903,0,0,0.75,0,0
6,Sat Nov 08 2025 22:07:15 GMT+0530 (India Standard Time),Sat Nov 08 2025 22:07:15 GMT+0530 (India Standard Time),2763,Telangana,Nalgonda,Peda Adisharla Palli,Keshamneni Palli,Red,18,79.101596,formation,active,16.7883708,0,0,0.55,0,0
7,Sat Nov 08 2025 22:07:19 GMT+0530 (India Standard Time),Sat Nov 08 2025 22:07:19 GMT+0530 (India Standard Time),8697,Telangana,Rangareddy,Amangal,Akuthotapalle,,30,78.585159,blacktop,active,16.885399,0,0,1.5,0,0
8,Sat Nov 08 2025 22:07:23 GMT+0530 (India Standard Time),Sat Nov 08 2025 22:07:23 GMT+0530 (India Standard Time),3461,Telangana,Mahabubnagar,Balangar,Chinna Revalli,Red,25,78.2981935,kacha,active,16.9027484,0,1,1.25,0.529411765,1
9,Sat Nov 08 2025 22:07:26 GMT+0530 (India Standard Time),Sat Nov 08 2025 22:07:26 GMT+0530 (India Standard Time),9322,Telangana,Mahabubnagar,Rajapur,Mallepalle,Black,20,78.1892778,formation,active,16.86200774,0,0,1.2,0,1
10,Sat Nov 08 2025 22:07:30 GMT+0530 (India Standard Time),Sat Nov 08 2025 22:07:30 GMT+0530 (India Standard Time),9607,Telangana,Mahabubnagar,Nawabpet,Hanmasanipalle,black,40,78.05013156,blacktop,active,16.85765165,0,0,0.5,0,0
11,Sat Nov 08 2025 22:07:33 GMT+0530 (India Standard Time),Sat Nov 08 2025 22:07:33 GMT+0530 (India Standard Time),6201,Telangana,Mahabubnagar,Rajapur,Raghvapur,red,40,78.1133867,blacktop,active,16.92238,0,0,0.82,0,0
12,Sat Nov 08 2025 22:07:37 GMT+0530 (India Standard Time),Sat Nov 08 2025 22:07:37 GMT+0530 (India Standard Time),11059,Telangana,Mahabubnagar,Nawabpet,Lingampalle,black,,78.06572947,,active,16.92779024,0,0,0.45,0,0
13,Sat Nov 08 2025 22:07:40 GMT+0530 (India Standard Time),Sat Nov 08 2025 22:07:40 GMT+0530 (India Standard Time),10030,Telangana,Mahabubnagar,Nawabpet,Lingampalle,red,,78.07193105,,active,16.93965738,0,0,0.6,0,0
14,Sat Nov 08 2025 22:07:43 GMT+0530 (India Standard Time),Sat Nov 08 2025 22:07:43 GMT+0530 (India Standard Time),11161,Telangana,Mahabubnagar,Balangar,Mothighanapur,black,40,78.15038776,blacktop,active,16.9911816,0,0,1.78,0,0
15,Sat Nov 08 2025 22:07:46 GMT+0530 (India Standard Time),Sat Nov 08 2025 22:07:46 GMT+0530 (India Standard Time),2545,Telangana,Rangareddy,Farooqnagar,Veljerla Iii,Red,40,78.293038,kacha,active,17.028738,0,1,1.4,0.352941176,1
16,Sat Nov 08 2025 22:07:50 GMT+0530 (India Standard Time),Sat Nov 08 2025 22:07:50 GMT+0530 (India Standard Time),4640,Telangana,Rangareddy,Keshampeta,Bhairkhanpalle,Red,60,78.352414,blacktop,active,17.041864,0,0,1.5,0,0
17,Sat Nov 08 2025 22:07:53 GMT+0530 (India Standard Time),Sat Nov 08 2025 22:07:53 GMT+0530 (India Standard Time),9027,Telangana,Rangareddy,Kandukur,Bachupalle,black,,78.44596508,,active,17.05606201,0,0,2,0,0
18,Sat Nov 08 2025 22:07:57 GMT+0530 (India Standard Time),Sat Nov 08 2025 22:07:57 GMT+0530 (India Standard Time),9351,Telangana,Rangareddy,Manchal,Nomula,Black,20,78.68599203,formation,active,17.17416429,0,0,1.5,0,0
19,Sat Nov 08 2025 22:08:00 GMT+0530 (India Standard Time),Sat Nov 08 2025 22:08:00 GMT+0530 (India Standard Time),3094,Telangana,Rangareddy,Manchal,Chittapur,Red,0,78.735606,,active,17.175609,0,0,1.35,0,0
20,Sat Nov 08 2025 22:08:03 GMT+0530 (India Standard Time),Sat Nov 08 2025 22:08:03 GMT+0530 (India Standard Time),8907,Telangana,Rangareddy,Kandukur,Pulumamidi,black,20,78.40233614,formation,active,17.05825008,0,0,1.2,0,0
21,Sat Nov 08 2025 22:08:07 GMT+0530 (India Standard Time),Sat Nov 08 2025 22:08:07 GMT+0530 (India Standard Time),2383,Telangana,Rangareddy,Kandukur,Meerkhanpet,Red,20,78.565358,formation,active,17.044568,0,0,1.8,0,0
22,Sat Nov 08 2025 22:08:11 GMT+0530 (India Standard Time),Sat Nov 08 2025 22:08:11 GMT+0530 (India Standard Time),88,Telangana,Rangareddy,Yacharam,Yacharam,mixed,20,78.6688611,kacha,active,17.055,1,0,2,0,0
23,Sat Nov 08 2025 22:08:14 GMT+0530 (India Standard Time),Sat Nov 08 2025 22:08:14 GMT+0530 (India Standard Time),1974,Telangana,Nalgonda,Gattuppal,Somrajguda,Red,20,78.873446,kacha,active,17.05535,0,0,0.3,0,0
24,Sat Nov 08 2025 22:08:17 GMT+0530 (India Standard Time),Sat Nov 08 2025 22:08:17 GMT+0530 (India Standard Time),3281,Telangana,Nalgonda,Chandur,Thummalapalle,Red,40,79.0095,cc_road,active,16.9569167,0,0,0.55,0,0
25,Sat Nov 08 2025 22:08:21 GMT+0530 (India Standard Time),Sat Nov 08 2025 22:08:21 GMT+0530 (India Standard Time),3345,Telangana,Nalgonda,Nampally,Brahmana Gouraram,Black,20,78.927,formation,active,16.9111111,0,0,0.32,0,1
26,Sat Nov 08 2025 22:08:25 GMT+0530 (India Standard Time),Sat Nov 08 2025 22:08:25 GMT+0530 (India Standard Time),2960,Telangana,Nalgonda,Chintha Palle,Chintha Palli,Red,20,78.799362,kacha,active,16.809893,0,1,0.8,0.352941176,0
27,Sat Nov 08 2025 22:08:28 GMT+0530 (India Standard Time),Sat Nov 08 2025 22:08:28 GMT+0530 (India Standard Time),6073,Telangana,Rangareddy,Madgul,Aurpalle,black,0,78.625141,,active,16.843129,0,0,0.65,0,0
28,Sat Nov 08 2025 22:08:32 GMT+0530 (India Standard Time),Sat Nov 08 2025 22:08:32 GMT+0530 (India Standard Time),10995,Telangana,Nagarkurnool,Veldanda,Ajilapur,black,40,78.6670629,blacktop,active,16.81831544,0,0,0.95,0,0
29,Sat Nov 08 2025 22:08:35 GMT+0530 (India Standard Time),Sat Nov 08 2025 22:08:35 GMT+0530 (India Standard Time),4478,Telangana,Rangareddy,Manchal,Arutla,black,20,78.826718,formation,active,17.106088,0,0,0.35,0,0
30,Sat Nov 08 2025 22:08:38 GMT+0530 (India Standard Time),Sat Nov 08 2025 22:08:38 GMT+0530 (India Standard Time),9368,Telangana,Rangareddy,Ibrahimpatnam,Rainguda,Black,30,78.73554389,formation,active,17.22108713,0,0,1.1,0,0
31,Sat Nov 08 2025 22:08:41 GMT+0530 (India Standard Time),Sat Nov 08 2025 22:08:41 GMT+0530 (India Standard Time),4341,Telangana,Yadadri Bhuvanagiri,Choutuppal,Peepal Pahad,Red,0,78.8616453,,active,17.2045423,0,0,0.55,0,0
32,Sat Nov 08 2025 22:08:45 GMT+0530 (India Standard Time),Sat Nov 08 2025 22:08:45 GMT+0530 (India Standard Time),6377,Telangana,Rangareddy,Nandigama,Chegur,red,20,78.2427417,formation,active,17.1836417,0,0,1.3,0,0
33,Sat Nov 08 2025 22:08:48 GMT+0530 (India Standard Time),Sat Nov 08 2025 22:08:48 GMT+0530 (India Standard Time),9630,Telangana,Rangareddy,Shabad,Chandenvalle,Black,,78.16666174,,active,17.22853102,0,0,2,0,1
34,Sat Nov 08 2025 22:08:51 GMT+0530 (India Standard Time),Sat Nov 08 2025 22:08:51 GMT+0530 (India Standard Time),4108,Telangana,Vikarabad,Pargi,Khudavanpur,Red,40,77.9090881,blacktop,active,17.1283779,0,0,1.7,0,1
35,Sat Nov 08 2025 22:08:55 GMT+0530 (India Standard Time),Sat Nov 08 2025 22:08:55 GMT+0530 (India Standard Time),5620,Telangana,Vikarabad,Dudyal,Dudyal,sandy,20,77.6777788,formation,active,17.0393604,0,0,0.55,0,0
36,Sat Nov 08 2025 22:08:58 GMT+0530 (India Standard Time),Sat Nov 08 2025 22:08:58 GMT+0530 (India Standard Time),8409,Telangana,Vikarabad,Doulatabad,Nandaram,red,20,77.5968088,formation,active,17.03200314,0,0,0.36,0,0
37,Sat Nov 08 2025 22:09:01 GMT+0530 (India Standard Time),Sat Nov 08 2025 22:09:01 GMT+0530 (India Standard Time),6657,Telangana,Vikarabad,Bomraspet,Dupcherla,black,0,77.71859,,active,17.201033,0,0,0.55,0,0
38,Sat Nov 08 2025 22:09:04 GMT+0530 (India Standard Time),Sat Nov 08 2025 22:09:04 GMT+0530 (India Standard Time),7167,Telangana,Vikarabad,Yelal,Rasnam,Black,,77.73137489,,active,17.23303613,0,0,0.29,0,0
39,Sat Nov 08 2025 22:09:08 GMT+0530 (India Standard Time),Sat Nov 08 2025 22:09:08 GMT+0530 (India Standard Time),1032,Telangana,Vikarabad,Dharur,Dornal,Red,40,77.7424444,blacktop,active,17.2525278,2,0,0.54,0,0
40,Sat Nov 08 2025 22:09:11 GMT+0530 (India Standard Time),Sat Nov 08 2025 22:09:11 GMT+0530 (India Standard Time),1890,Telangana,Vikarabad,Yelal,Annasagar,Red,20,77.6952778,kacha,active,17.2429722,0,0,0.25,0,0
41,Sat Nov 08 2025 22:09:15 GMT+0530 (India Standard Time),Sat Nov 08 2025 22:09:15 GMT+0530 (India Standard Time),1236,Telangana,Vikarabad,Yelal,Mazrasangam,black,24,77.6327419,kacha,active,17.2349018,2,0,0.28,0,0
42,Sat Nov 08 2025 22:09:18 GMT+0530 (India Standard Time),Sat Nov 08 2025 22:09:18 GMT+0530 (India Standard Time),4858,Telangana,Vikarabad,Yelal,Mukundapur,Sandy,20,77.6200698,formation,active,17.183183,0,0,0.25,0,0
43,Sat Nov 08 2025 22:09:21 GMT+0530 (India Standard Time),Sat Nov 08 2025 22:09:21 GMT+0530 (India Standard Time),2053,Telangana,Vikarabad,Basheerabad,Navalga,Black,0,77.488,,active,17.2118611,0,0,0.55,0,0
44,Sat Nov 08 2025 22:09:24 GMT+0530 (India Standard Time),Sat Nov 08 2025 22:09:24 GMT+0530 (India Standard Time),9908,Telangana,Vikarabad,Yelal,Hajipur,Black,30,77.6326291,blacktop,active,17.19951077,0,0,0.5,0,1
45,Sat Nov 08 2025 22:09:28 GMT+0530 (India Standard Time),Sat Nov 08 2025 22:09:28 GMT+0530 (India Standard Time),8002,Telangana,Vikarabad,Yelal,Jakkepalle,black,,77.62085654,,active,17.20973608,0,0,0.45,0,0
46,Sat Nov 08 2025 22:09:32 GMT+0530 (India Standard Time),Sat Nov 08 2025 22:09:32 GMT+0530 (India Standard Time),1930,Telangana,Vikarabad,Tandur,Bijwar,Red,30,77.6586389,kacha,active,17.2462222,0,0,0.28,0,0
47,Sat Nov 08 2025 22:09:36 GMT+0530 (India Standard Time),Sat Nov 08 2025 22:09:36 GMT+0530 (India Standard Time),10812,Telangana,Vikarabad,Tandur,Tandur (M),Black,20,77.58144202,formation,active,17.23457832,0,0,0.7,0,0
48,Sat Nov 08 2025 22:09:40 GMT+0530 (India Standard Time),Sat Nov 08 2025 22:09:40 GMT+0530 (India Standard Time),6743,Telangana,Vikarabad,Yelal,Bhagaipalle,black,40,77.70214,blacktop,active,17.215216,0,0,0.42,0.352941176,0
49,Sat Nov 08 2025 22:09:43 GMT+0530 (India Standard Time),Sat Nov 08 2025 22:09:43 GMT+0530 (India Standard Time),9913,Telangana,Vikarabad,Bomraspet,Dupcherla,black,40,77.72438854,blacktop,active,17.1998318,0,0,0.65,0,0
50,Sat Nov 08 2025 22:09:47 GMT+0530 (India Standard Time),Sat Nov 08 2025 22:09:47 GMT+0530 (India Standard Time),6656,Telangana,Vikarabad,Bomraspet,Salimdapur,red,40,77.743875,blacktop,active,17.215319,0,0,0.55,0,0
51,Sat Nov 08 2025 22:09:50 GMT+0530 (India Standard Time),Sat Nov 08 2025 22:09:50 GMT+0530 (India Standard Time),3808,Telangana,Vikarabad,Dharur,Rajapur,Red,20,77.817413,kacha,active,17.22061,0,0,0.48,0,0
52,Sat Nov 08 2025 22:09:53 GMT+0530 (India Standard Time),Sat Nov 08 2025 22:09:53 GMT+0530 (India Standard Time),10089,Andhra Pradesh,Krishna,KANKIPADU,UPPALURU,black,60,80.77662901,blacktop,active,16.4993332,0,0,6,0,0
53,Sat Nov 08 2025 22:09:56 GMT+0530 (India Standard Time),Sat Nov 08 2025 22:09:56 GMT+0530 (India Standard Time),341,Telangana,Sangareddy,Sadasivpet,Nandikandi,Black,60,77.9696198,blacktop,active,17.6013374,1,0,2,0,1
54,Sat Nov 08 2025 22:10:00 GMT+0530 (India Standard Time),Sat Nov 08 2025 22:10:00 GMT+0530 (India Standard Time),498,Telangana,Sangareddy,Pulkal,Mudimanik,Red,20,78.00375,formation,active,17.7438889,1,1,0.75,0,0
55,Sat Nov 08 2025 22:10:03 GMT+0530 (India Standard Time),Sat Nov 08 2025 22:10:03 GMT+0530 (India Standard Time),4167,Andhra Pradesh,Guntur,MANGALAGIRI,ATMAKUR,Black,0,80.586821,,active,16.425165,0,0,4,0,0
56,Sat Nov 08 2025 22:10:07 GMT+0530 (India Standard Time),Sat Nov 08 2025 22:10:07 GMT+0530 (India Standard Time),247,Telangana,Vikarabad,Kulkacharla,Bandayelkacherla,Red,40,77.839701,blacktop,active,17.023357,1,1,0.5,0.352941176,1
57,Sat Nov 08 2025 22:10:10 GMT+0530 (India Standard Time),Sat Nov 08 2025 22:10:10 GMT+0530 (India Standard Time),340,Telangana,Jayashankar Bhupalpalli,Mutharam Mahadevpur,Nimmagudem,black,20,80.0870155,kacha,active,18.6048708,1,0,0.11,0,0
58,Sat Nov 08 2025 22:10:13 GMT+0530 (India Standard Time),Sat Nov 08 2025 22:10:13 GMT+0530 (India Standard Time),1061,Telangana,Rangareddy,Farooqnagar,Buchiguda,black,0,78.249969,,active,17.062599,1,1,1.55,0.352941176,0
59,Sat Nov 08 2025 22:10:17 GMT+0530 (India Standard Time),Sat Nov 08 2025 22:10:17 GMT+0530 (India Standard Time),7776,Telangana,Nagarkurnool,Bijinapally,Bijinapalle,sandy,40,78.19862167,blacktop,active,16.53906475,0,0,8,0,0
60,Sat Nov 08 2025 22:10:20 GMT+0530 (India Standard Time),Sat Nov 08 2025 22:10:20 GMT+0530 (India Standard Time),3197,Telangana,Nagarkurnool,Bijinapally,Boyapur,Red,40,78.210601,blacktop,active,16.507108,0,0,0.6,0.294117647,0
61,Sat Nov 08 2025 22:10:23 GMT+0530 (India Standard Time),Sat Nov 08 2025 22:10:23 GMT+0530 (India Standard Time),2305,Telangana,Vikarabad,Dharur,Dharur,Black,40,77.7715302,blacktop,active,17.3162556,0,0,0.9,0,0
62,Sat Nov 08 2025 22:10:27 GMT+0530 (India Standard Time),Sat Nov 08 2025 22:10:27 GMT+0530 (India Standard Time),2359,Telangana,Sangareddy,Nyalkal,Mamidgi,Red,0,77.5416085,,active,17.8048427,0,1,0.48,0.647058824,0
63,Sat Nov 08 2025 22:10:31 GMT+0530 (India Standard Time),Sat Nov 08 2025 22:10:31 GMT+0530 (India Standard Time),9287,Telangana,Sangareddy,Hathnoor,Govindarajupalle,black,20,78.15655599,formation,active,17.77571449,0,0,0.85,0,0
64,Sat Nov 08 2025 22:10:34 GMT+0530 (India Standard Time),Sat Nov 08 2025 22:10:34 GMT+0530 (India Standard Time),8508,Telangana,Vikarabad,Marpalle,Peddapur,black,40,77.75419671,blacktop,active,17.48455588,0,0,0.8,0,0
65,Sat Nov 08 2025 22:10:37 GMT+0530 (India Standard Time),Sat Nov 08 2025 22:10:37 GMT+0530 (India Standard Time),11182,Telangana,Rangareddy,Jilled Chowdergudem,Padmaram,red,20,77.96844919,formation,active,17.07661307,0,0,0.5,0,0
66,Sat Nov 08 2025 22:10:41 GMT+0530 (India Standard Time),Sat Nov 08 2025 22:10:41 GMT+0530 (India Standard Time),6717,Telangana,Wanaparthy,Atmakur,Mulamalla,Black,20,77.7566528,kacha,active,16.3362598,0,0,0.195,0,0
67,Sat Nov 08 2025 22:10:44 GMT+0530 (India Standard Time),Sat Nov 08 2025 22:10:44 GMT+0530 (India Standard Time),4092,Telangana,Narayanpet,Makthal,Pareval,Red,18,77.576955,formation,active,16.37191,0,0,0.13,0,0
68,Sat Nov 08 2025 22:10:48 GMT+0530 (India Standard Time),Sat Nov 08 2025 22:10:48 GMT+0530 (India Standard Time),1488,Telangana,Medak,Medak,Medak Nagar Panchayath,black,40,78.2478953,blacktop,active,18.0449679,2,0,0.82,0,0
69,Sat Nov 08 2025 22:10:52 GMT+0530 (India Standard Time),Sat Nov 08 2025 22:10:52 GMT+0530 (India Standard Time),2200,Telangana,Vikarabad,Marpalle,Panchalingal,Red,14,77.8165556,kacha,active,17.5663333,0,0,0.75,0,0
70,Sat Nov 08 2025 22:10:55 GMT+0530 (India Standard Time),Sat Nov 08 2025 22:10:55 GMT+0530 (India Standard Time),2306,Telangana,Medchal-Malkajigiri,Muduchinthalapally,Sampanbole,Black,100,78.6312854,blacktop,active,17.6286278,0,1,4.5,0.235294118,1
71,Sat Nov 08 2025 22:10:58 GMT+0530 (India Standard Time),Sat Nov 08 2025 22:10:58 GMT+0530 (India Standard Time),1206,Telangana,Yadadri Bhuvanagiri,Motakondur,Matoor,Red,16,79.1040432,kacha,active,17.5738881,1,0,0.55,0,0
72,Sat Nov 08 2025 22:11:01 GMT+0530 (India Standard Time),Sat Nov 08 2025 22:11:01 GMT+0530 (India Standard Time),90,Telangana,Vikarabad,Dharur,Kukinda,rocky,40,77.799343,blacktop,active,17.350347,2,0,0.7,0,1
73,Sat Nov 08 2025 22:11:05 GMT+0530 (India Standard Time),Sat Nov 08 2025 22:11:05 GMT+0530 (India Standard Time),2069,Telangana,Vikarabad,Dharur,Ebbanoor,Black,60,77.8378072,blacktop,active,17.3240786,0,0,1.2,0,1
74,Sat Nov 08 2025 22:11:08 GMT+0530 (India Standard Time),Sat Nov 08 2025 22:11:08 GMT+0530 (India Standard Time),10765,Telangana,Mahabubnagar,Balangar,Madampalle,Black,30,78.26232073,blacktop,active,16.89558559,0,0,1,0,0
75,Sat Nov 08 2025 22:11:11 GMT+0530 (India Standard Time),Sat Nov 08 2025 22:11:11 GMT+0530 (India Standard Time),1588,Telangana,Sangareddy,Nyalkal,Chingepalle,black,40,77.655549,blacktop,active,17.876441,1,0,0.35,0,1
76,Sat Nov 08 2025 22:11:15 GMT+0530 (India Standard Time),Sat Nov 08 2025 22:11:15 GMT+0530 (India Standard Time),11025,Telangana,Medak,Shivampet,Donthi,black,20,78.41780876,formation,active,17.80576244,0,0,1.6,0,0
77,Sat Nov 08 2025 22:11:18 GMT+0530 (India Standard Time),Sat Nov 08 2025 22:11:18 GMT+0530 (India Standard Time),7304,Telangana,Nagarkurnool,Kalwakurthy,Kalwakurthy,black,20,78.48982808,cc_road,active,16.65826433,0,0,1.5,0,0
78,Sat Nov 08 2025 22:11:22 GMT+0530 (India Standard Time),Sat Nov 08 2025 22:11:22 GMT+0530 (India Standard Time),10253,Telangana,Rangareddy,Jilled Chowdergudem,Malkapahad,sandy,40,77.963627,blacktop,active,17.02451835,0,0,0.6,0,0
79,Sat Nov 08 2025 22:11:25 GMT+0530 (India Standard Time),Sat Nov 08 2025 22:11:25 GMT+0530 (India Standard Time),9165,Telangana,Yadadri Bhuvanagiri,Valigonda,Redla Repaka,Black,10,78.97074882,formation,active,17.40128908,0,1,1,0.352941176,0
80,Sat Nov 08 2025 22:11:29 GMT+0530 (India Standard Time),Sat Nov 08 2025 22:11:29 GMT+0530 (India Standard Time),2324,Telangana,Jangoan,Narmetta,Ammapur,Black,14,79.12132,formation,active,17.9212617,0,1,0.27,0.352941176,0
81,Sat Nov 08 2025 22:11:32 GMT+0530 (India Standard Time),Sat Nov 08 2025 22:11:32 GMT+0530 (India Standard Time),6190,Telangana,Yadadri Bhuvanagiri,Mothkur,Dacharam,red,20,79.295405,formation,active,17.409387,0,0,0.52,0,0
82,Sat Nov 08 2025 22:11:35 GMT+0530 (India Standard Time),Sat Nov 08 2025 22:11:35 GMT+0530 (India Standard Time),8971,Telangana,Siddipet,Maddur,Ladnoor,red,20,79.07471818,formation,active,17.8744408,0,0,0.23,0,0
83,Sat Nov 08 2025 22:11:39 GMT+0530 (India Standard Time),Sat Nov 08 2025 22:11:39 GMT+0530 (India Standard Time),262,Telangana,Rangareddy,Chevella,Gollapalle,black,100,78.159518,blacktop,active,17.363165,1,0,5.5,0,1
84,Sat Nov 08 2025 22:11:42 GMT+0530 (India Standard Time),Sat Nov 08 2025 22:11:42 GMT+0530 (India Standard Time),2037,Telangana,Mahabubnagar,Balangar,Chinna Revalli,Red Soil,40,78.2855417,kacha,active,16.9040566,0,0,0.6,0,1
85,Sat Nov 08 2025 22:11:45 GMT+0530 (India Standard Time),Sat Nov 08 2025 22:11:45 GMT+0530 (India Standard Time),11019,Telangana,Jangoan,Zaffergadh,Zaffargadh,black,,79.44055074,,active,17.7925937,0,0,0.35,0,0
86,Sat Nov 08 2025 22:11:49 GMT+0530 (India Standard Time),Sat Nov 08 2025 22:11:49 GMT+0530 (India Standard Time),2679,Telangana,Nalgonda,Nakrekal,Chandupatla,Red,40,79.4279761,blacktop,active,17.1316814,0,0,0.7,0,1
87,Sat Nov 08 2025 22:11:52 GMT+0530 (India Standard Time),Sat Nov 08 2025 22:11:52 GMT+0530 (India Standard Time),466,Telangana,Yadadri Bhuvanagiri,Mothkur,Dattappaguda,red,25,79.2261875,kacha,active,17.3929375,1,0,0.48,0,1
88,Sat Nov 08 2025 22:11:55 GMT+0530 (India Standard Time),Sat Nov 08 2025 22:11:55 GMT+0530 (India Standard Time),5797,Telangana,Jangoan,Palakurthi,Visnoor,red,40,79.388577,blacktop,active,17.636695,0,0,0.37,0,0
89,Sat Nov 08 2025 22:11:58 GMT+0530 (India Standard Time),Sat Nov 08 2025 22:11:58 GMT+0530 (India Standard Time),9526,Telangana,Nalgonda,Peda Adisharla Palli,Pedda Adiserla Palli,sandy,60,79.12084945,blacktop,active,16.7175575,0,0,1.3,0,0
90,Sat Nov 08 2025 22:12:02 GMT+0530 (India Standard Time),Sat Nov 08 2025 22:12:02 GMT+0530 (India Standard Time),4263,Telangana,Yadadri Bhuvanagiri,Valigonda,Arrur,Black,15,79.0594403,formation,active,17.3811884,0,0,0.65,0,0
91,Sat Nov 08 2025 22:12:05 GMT+0530 (India Standard Time),Sat Nov 08 2025 22:12:05 GMT+0530 (India Standard Time),10658,Andhra Pradesh,NTR,PENUGANCHIPROLU,PENUGANCHIPROLU,,,80.22156818,,active,16.91540784,0,0,0.29,0.235294118,0
92,Sat Nov 08 2025 22:12:08 GMT+0530 (India Standard Time),Sat Nov 08 2025 22:12:08 GMT+0530 (India Standard Time),1518,Telangana,Rangareddy,Maheshwaram,Maheswaram,red,40,78.43163,blacktop,active,17.169526,1,0,2.5,0,0
93,Sat Nov 08 2025 22:12:12 GMT+0530 (India Standard Time),Sat Nov 08 2025 22:12:12 GMT+0530 (India Standard Time),11102,Telangana,Nalgonda,Shaligouraram,Manimadde,black,,79.33139531,,active,17.34247773,0,0,0.35,0,0
94,Sat Nov 08 2025 22:12:16 GMT+0530 (India Standard Time),Sat Nov 08 2025 22:12:16 GMT+0530 (India Standard Time),490,Telangana,Nalgonda,Marri Guda,Vatti Palle,red,24,78.851458,formation,active,16.96329,1,0,0.7,0.294117647,0
95,Sat Nov 08 2025 22:12:19 GMT+0530 (India Standard Time),Sat Nov 08 2025 22:12:19 GMT+0530 (India Standard Time),10968,Telangana,Siddipet,Siddipet Rural,Machapur [Patti Dubbak],black,,78.73077565,,active,18.20573074,0,0,0.2,0,0
96,Sat Nov 08 2025 22:12:22 GMT+0530 (India Standard Time),Sat Nov 08 2025 22:12:22 GMT+0530 (India Standard Time),10006,Telangana,Medak,Nizampet,Kalwakunta,sandy,20,78.56862653,formation,active,18.11053404,0,0,0.37,0,0
97,Sat Nov 08 2025 22:12:25 GMT+0530 (India Standard Time),Sat Nov 08 2025 22:12:25 GMT+0530 (India Standard Time),11076,Telangana,Nagarkurnool,Vangoor,Kondareddipalle,black,,78.58895937,,active,16.64171553,0,0,1.5,0,0
98,Sat Nov 08 2025 22:12:29 GMT+0530 (India Standard Time),Sat Nov 08 2025 22:12:29 GMT+0530 (India Standard Time),4392,Telangana,Nalgonda,Gurrampode,Makka Palli,red,20,79.0458448,formation,active,16.821206,0,0,0.95,0,0
99,Sat Nov 08 2025 22:12:33 GMT+0530 (India Standard Time),Sat Nov 08 2025 22:12:33 GMT+0530 (India Standard Time),8921,Telangana,Nalgonda,Gundla Palle,Chilkamari,,30,79.047771,formation,active,16.724421,0,0,0.55,0,0
100,Sat Nov 08 2025 22:12:37 GMT+0530 (India Standard Time),Sat Nov 08 2025 22:12:37 GMT+0530 (India Standard Time),4593,Telangana,Mahabubabad,Peddavangara,Gantlakunta,Black,30,79.524237,kacha,active,17.592041,0,0,0.31,0,0
101,Sat Nov 08 2025 22:12:41 GMT+0530 (India Standard Time),Sat Nov 08 2025 22:12:41 GMT+0530 (India Standard Time),7462,Telangana,Rajanna Sircilla,Mustabad,Pothugal,Black,10,78.74137281,formation,active,18.31512375,0,0,0.28,0,0
102,Sat Nov 08 2025 22:12:44 GMT+0530 (India Standard Time),Sat Nov 08 2025 22:12:44 GMT+0530 (India Standard Time),8492,Telangana,Medak,Nizampet,Kalwakunta,black,40,78.54771647,blacktop,active,18.1007146,0,0,0.32,0,0
103,Sat Nov 08 2025 22:12:47 GMT+0530 (India Standard Time),Sat Nov 08 2025 22:12:47 GMT+0530 (India Standard Time),5327,Telangana,Jangoan,Tharigoppula,Abdulnagaram,Red,25,79.232666,kacha,active,17.920017,0,0,0.45,0,1
104,Sat Nov 08 2025 22:12:51 GMT+0530 (India Standard Time),Sat Nov 08 2025 22:12:51 GMT+0530 (India Standard Time),8679,Telangana,Yadadri Bhuvanagiri,Bommalaramaram,Somaji Palle,BLACK,40,78.70674783,blacktop,active,17.62475603,0,0,1,0,0
105,Sat Nov 08 2025 22:12:55 GMT+0530 (India Standard Time),Sat Nov 08 2025 22:12:55 GMT+0530 (India Standard Time),9969,Telangana,Sangareddy,Nizampet,Nagdhar,Black,40,77.83708435,blacktop,active,18.11499611,0,0,0.4,0,0
106,Sat Nov 08 2025 22:12:58 GMT+0530 (India Standard Time),Sat Nov 08 2025 22:12:58 GMT+0530 (India Standard Time),2837,Telangana,Sangareddy,Nagalgidda,Karsgutti,Black,10,77.6110092,formation,active,18.0705908,0,0,0.22,0,1
107,Sat Nov 08 2025 22:13:01 GMT+0530 (India Standard Time),Sat Nov 08 2025 22:13:01 GMT+0530 (India Standard Time),10708,Telangana,Sangareddy,Nyalkal,Atnur,black,,77.64040198,,active,17.8576706,0,0,1.2,0,0
108,Sat Nov 08 2025 22:13:05 GMT+0530 (India Standard Time),Sat Nov 08 2025 22:13:05 GMT+0530 (India Standard Time),10372,Telangana,Vikarabad,Marpalle,Kotmarpalle,black,,77.79193781,,active,17.49191828,0,0,0.45,0,0
109,Sat Nov 08 2025 22:13:08 GMT+0530 (India Standard Time),Sat Nov 08 2025 22:13:08 GMT+0530 (India Standard Time),10653,Telangana,Vikarabad,Peddemul,Gotlapalle,black,,77.60795946,,active,17.31978628,0,0,0.35,0.352941176,0
110,Sat Nov 08 2025 22:13:11 GMT+0530 (India Standard Time),Sat Nov 08 2025 22:13:11 GMT+0530 (India Standard Time),10917,Telangana,Vikarabad,Basheerabad,Gangwar,black,,77.42709401,,active,17.23407001,0,0,0.28,0,0
111,Sat Nov 08 2025 22:13:16 GMT+0530 (India Standard Time),Sat Nov 08 2025 22:13:16 GMT+0530 (India Standard Time),9816,Telangana,Vikarabad,Kodangal,Chitlapalle,black,100,77.58423457,highway_road,active,17.07973997,0,0,0.62,0,0
112,Sat Nov 08 2025 22:13:19 GMT+0530 (India Standard Time),Sat Nov 08 2025 22:13:19 GMT+0530 (India Standard Time),10655,Telangana,Vikarabad,Peddemul,Thimsanpalle,black,,77.65770899,,active,17.35676291,0,0,0.4,0,0
113,Sat Nov 08 2025 22:13:22 GMT+0530 (India Standard Time),Sat Nov 08 2025 22:13:22 GMT+0530 (India Standard Time),7700,Telangana,Sangareddy,Zahirabad,Satwar,black,100,77.50690844,highway_road,active,17.69833906,0,0,2.5,0,0
114,Sat Nov 08 2025 22:13:25 GMT+0530 (India Standard Time),Sat Nov 08 2025 22:13:25 GMT+0530 (India Standard Time),2936,Telangana,Sangareddy,Manoor,Manoor,Red,60,77.7337536,blacktop,active,17.9874222,0,0,0.8,0,0
115,Sat Nov 08 2025 22:13:29 GMT+0530 (India Standard Time),Sat Nov 08 2025 22:13:29 GMT+0530 (India Standard Time),10799,Telangana,Sangareddy,Sirgapoor,Wasar,Black,20,77.65700093,blacktop,active,18.12063458,0,0,0.1,0,0
116,Sat Nov 08 2025 22:13:32 GMT+0530 (India Standard Time),Sat Nov 08 2025 22:13:32 GMT+0530 (India Standard Time),9221,Karnataka,BIDAR,AURAD,CHINTAKI,,,77.54646371,,active,18.15064688,0,0,0.12,0,0
117,Sat Nov 08 2025 22:13:35 GMT+0530 (India Standard Time),Sat Nov 08 2025 22:13:35 GMT+0530 (India Standard Time),10785,Karnataka,BIDAR,AURAD,SANTAPURA,,,77.44195096,,active,18.11390366,0,0,0.2,0,0
118,Sat Nov 08 2025 22:13:39 GMT+0530 (India Standard Time),Sat Nov 08 2025 22:13:39 GMT+0530 (India Standard Time),8076,Telangana,Kamareddy,Bhiknoor,Bhiknur,,,78.39383318,,active,18.17576914,0,0,2,0,0
119,Sat Nov 08 2025 22:13:42 GMT+0530 (India Standard Time),Sat Nov 08 2025 22:13:42 GMT+0530 (India Standard Time),8225,Telangana,Medak,Nizampet,Chelmeda,black,,78.50491489,,active,18.17343123,0,0,0.22,0,0
120,Sat Nov 08 2025 22:13:46 GMT+0530 (India Standard Time),Sat Nov 08 2025 22:13:46 GMT+0530 (India Standard Time),9138,Telangana,Rangareddy,Shabad,Shabad,Black,13,78.13741165,formation,active,17.12348267,0,0,2.1,0,0
121,Sat Nov 08 2025 22:13:49 GMT+0530 (India Standard Time),Sat Nov 08 2025 22:13:49 GMT+0530 (India Standard Time),11097,Telangana,Rangareddy,Farooqnagar,Mogalagidda,,40,78.13608879,blacktop,active,17.07261956,0,0,1.7,0,0
122,Sat Nov 08 2025 22:13:53 GMT+0530 (India Standard Time),Sat Nov 08 2025 22:13:53 GMT+0530 (India Standard Time),8033,Telangana,Rangareddy,Farooqnagar,Chattanpalle,,,78.23557474,,active,17.10692521,0,0,3.5,0,0
123,Sat Nov 08 2025 22:13:56 GMT+0530 (India Standard Time),Sat Nov 08 2025 22:13:56 GMT+0530 (India Standard Time),7642,Telangana,Rangareddy,Farooqnagar,Dooskal,,,78.25442182,,active,17.07494645,0,0,2.25,0,0
124,Sat Nov 08 2025 22:14:00 GMT+0530 (India Standard Time),Sat Nov 08 2025 22:14:00 GMT+0530 (India Standard Time),8027,Telangana,Rangareddy,Farooqnagar,Kammadanam,,25,78.23330985,kacha,active,17.01662051,0,0,1.4,0,0
125,Sat Nov 08 2025 22:14:03 GMT+0530 (India Standard Time),Sat Nov 08 2025 22:14:03 GMT+0530 (India Standard Time),11424,Telangana,Rangareddy,Farooqnagar,Kamsanpalle,black,,78.12945197,,active,17.01719933,0,0,1.4,0.352941176,1
126,Sat Nov 08 2025 22:14:06 GMT+0530 (India Standard Time),Sat Nov 08 2025 22:14:06 GMT+0530 (India Standard Time),8027,Telangana,Rangareddy,Farooqnagar,Kammadanam,,25,78.23330985,kacha,active,17.01662051,0,0,1.4,0,0
127,Sat Nov 08 2025 22:14:09 GMT+0530 (India Standard Time),Sat Nov 08 2025 22:14:09 GMT+0530 (India Standard Time),7868,Telangana,Rangareddy,Kothur,Siddapur,red,40,78.34650178,blacktop,active,17.05154072,0,0,1.4,0,0
128,Sat Nov 08 2025 22:14:13 GMT+0530 (India Standard Time),Sat Nov 08 2025 22:14:13 GMT+0530 (India Standard Time),7369,Telangana,Rangareddy,Nandigama,Nandigama,red,20,78.27552885,kacha,active,17.124265,0,0,5,0,0
129,Sat Nov 08 2025 22:14:16 GMT+0530 (India Standard Time),Sat Nov 08 2025 22:14:16 GMT+0530 (India Standard Time),7314,Telangana,Rangareddy,Maheshwaram,Subhanpur,,,78.34942487,,active,17.09796524,0,0,3,0,0
130,Sat Nov 08 2025 22:14:19 GMT+0530 (India Standard Time),Sat Nov 08 2025 22:14:19 GMT+0530 (India Standard Time),11128,Telangana,Rangareddy,Maheshwaram,Nagireddipalle,red,20,78.36894486,formation,active,17.15708149,0,0,2.5,0,0
131,Sat Nov 08 2025 22:14:23 GMT+0530 (India Standard Time),Sat Nov 08 2025 22:14:23 GMT+0530 (India Standard Time),10442,Telangana,Rangareddy,Maheshwaram,Baghmankhal,sandy,,78.45461981,,active,17.17807038,0,0,8.5,0,0
132,Sat Nov 08 2025 22:14:26 GMT+0530 (India Standard Time),Sat Nov 08 2025 22:14:26 GMT+0530 (India Standard Time),11359,Telangana,Rangareddy,Kandukur,Lemoor,Black,20,78.49453285,formation,active,17.12442472,0,0,5,0.117647059,1
133,Sat Nov 08 2025 22:14:29 GMT+0530 (India Standard Time),Sat Nov 08 2025 22:14:29 GMT+0530 (India Standard Time),10009,Telangana,Rangareddy,Kandukur,Kandukur,black,60,78.51612862,formation,active,17.05234572,0,0,4.8,0,0
134,Sat Nov 08 2025 22:14:33 GMT+0530 (India Standard Time),Sat Nov 08 2025 22:14:33 GMT+0530 (India Standard Time),10970,Telangana,Rangareddy,Kadthal,Kadthal,black,,78.50102482,,active,16.96570358,0,0,2.1,0,0
135,Sat Nov 08 2025 22:14:36 GMT+0530 (India Standard Time),Sat Nov 08 2025 22:14:36 GMT+0530 (India Standard Time),8841,Telangana,Rangareddy,Kadthal,Salarpur,,14,78.470569,formation,active,16.931115,0,0,0.65,0,0
136,Sat Nov 08 2025 22:14:39 GMT+0530 (India Standard Time),Sat Nov 08 2025 22:14:39 GMT+0530 (India Standard Time),11031,Telangana,Rangareddy,Kandukur,Mucherla,red,20,78.51539961,formation,active,17.02722999,0,0,1.6,0,0
137,Sat Nov 08 2025 22:14:42 GMT+0530 (India Standard Time),Sat Nov 08 2025 22:14:42 GMT+0530 (India Standard Time),11416,Telangana,Rangareddy,Kandukur,Lemoor,black,40,78.50526007,blacktop,active,17.15974118,0,0,4.5,0,0
138,Sat Nov 08 2025 22:14:46 GMT+0530 (India Standard Time),Sat Nov 08 2025 22:14:46 GMT+0530 (India Standard Time),11416,Telangana,Rangareddy,Kandukur,Lemoor,black,40,78.50526007,blacktop,active,17.15974118,0,0,4.5,0,0
139,Sat Nov 08 2025 22:14:49 GMT+0530 (India Standard Time),Sat Nov 08 2025 22:14:49 GMT+0530 (India Standard Time),11407,Telangana,Rangareddy,Shabad,Damerlapalle,Black,20,78.1827619,kacha,active,17.16924505,0,0,1.3,0,1
140,Sat Nov 08 2025 22:14:53 GMT+0530 (India Standard Time),Sat Nov 08 2025 22:14:53 GMT+0530 (India Standard Time),11282,Telangana,Rangareddy,Shankarpalle,Dhobipet,black,40,78.06897008,blacktop,active,17.46870148,0,0,5.5,0,0
141,Sat Nov 08 2025 22:14:56 GMT+0530 (India Standard Time),Sat Nov 08 2025 22:14:56 GMT+0530 (India Standard Time),9353,Telangana,Vikarabad,Mominpet,Velchal,black,,77.87304618,,active,17.46873264,0,0,1,0,0
142,Sat Nov 08 2025 22:15:00 GMT+0530 (India Standard Time),Sat Nov 08 2025 22:15:00 GMT+0530 (India Standard Time),8828,Telangana,Vikarabad,Nawabpet,Yellakonda,black,40,78.03343508,blacktop,active,17.42084536,0,0,2.2,0,0
143,Sat Nov 08 2025 22:15:04 GMT+0530 (India Standard Time),Sat Nov 08 2025 22:15:04 GMT+0530 (India Standard Time),10525,Telangana,Vikarabad,Nawabpet,Yellakonda,Black,,78.03064757,,active,17.42940295,0,0,1.6,0,0
144,Sat Nov 08 2025 22:15:08 GMT+0530 (India Standard Time),Sat Nov 08 2025 22:15:08 GMT+0530 (India Standard Time),9123,Telangana,Vikarabad,Pudur,Kothapalle,Black,33,78.00017953,blacktop,active,17.27700591,0,0,1.8,0,1
145,Sat Nov 08 2025 22:15:11 GMT+0530 (India Standard Time),Sat Nov 08 2025 22:15:11 GMT+0530 (India Standard Time),10387,Telangana,Rangareddy,Shankarpalle,Hussainipur,black,40,78.09402673,blacktop,active,17.3685061,0,0,1.75,0,0
146,Sat Nov 08 2025 22:15:15 GMT+0530 (India Standard Time),Sat Nov 08 2025 22:15:15 GMT+0530 (India Standard Time),10625,Telangana,Vikarabad,Pargi,Tondapalle,black,60,77.98303329,highway_road,active,17.11367112,0,0,1.65,0,0
147,Sat Nov 08 2025 22:15:18 GMT+0530 (India Standard Time),Sat Nov 08 2025 22:15:18 GMT+0530 (India Standard Time),11445,Telangana,Sangareddy,Sadasivpet,Enkepalle,Black,30,77.9337225,formation,active,17.64699394,0,0,2.5,0,0
148,Sat Nov 08 2025 22:15:21 GMT+0530 (India Standard Time),Sat Nov 08 2025 22:15:21 GMT+0530 (India Standard Time),10878,Telangana,Sangareddy,Munipally,Budhera,black,,77.85376938,,active,17.63400937,0,0,1.5,0,0
149,Sat Nov 08 2025 22:15:25 GMT+0530 (India Standard Time),Sat Nov 08 2025 22:15:25 GMT+0530 (India Standard Time),10335,Telangana,Sangareddy,Kandi,Mamidipalle,red,12,78.13054575,kacha,active,17.60268916,0,0,5.6,0,0
150,Sat Nov 08 2025 22:15:28 GMT+0530 (India Standard Time),Sat Nov 08 2025 22:15:28 GMT+0530 (India Standard Time),8829,Telangana,Vikarabad,Marpalle,Sirpura,red,20,77.85629577,formation,active,17.53715516,0,0,0.7,0,0
151,Sat Nov 08 2025 22:15:31 GMT+0530 (India Standard Time),Sat Nov 08 2025 22:15:31 GMT+0530 (India Standard Time),8508,Telangana,Vikarabad,Marpalle,Peddapur,black,40,77.75419671,blacktop,active,17.48455588,0,0,0.8,0,0
152,Sat Nov 08 2025 22:15:35 GMT+0530 (India Standard Time),Sat Nov 08 2025 22:15:35 GMT+0530 (India Standard Time),10653,Telangana,Vikarabad,Peddemul,Gotlapalle,black,,77.60795946,,active,17.31978628,0,0,0.35,0.352941176,0
153,Sat Nov 08 2025 22:15:39 GMT+0530 (India Standard Time),Sat Nov 08 2025 22:15:39 GMT+0530 (India Standard Time),11017,Telangana,Medchal-Malkajigiri,Medchal,Pudoor,,,78.52051279,,active,17.592579,0,0,12,0,0
154,Sat Nov 08 2025 22:15:42 GMT+0530 (India Standard Time),Sat Nov 08 2025 22:15:42 GMT+0530 (India Standard Time),3555,Telangana,Medchal-Malkajigiri,Shamirpet,Aliabad,Black,20,78.5836667,kacha,active,17.6122222,0,0,2.4,0.294117647,1
155,Sat Nov 08 2025 22:15:46 GMT+0530 (India Standard Time),Sat Nov 08 2025 22:15:46 GMT+0530 (India Standard Time),4244,Telangana,Medchal-Malkajigiri,Shamirpet,Ponnal,Red,60,78.6259622,blacktop,active,17.6010839,0,0,3.2,0,1
156,Sat Nov 08 2025 22:15:49 GMT+0530 (India Standard Time),Sat Nov 08 2025 22:15:49 GMT+0530 (India Standard Time),9708,Telangana,Sangareddy,Jinnaram,Vailal,Black,40,78.35433303,blacktop,active,17.61597304,0,0,3.5,0,0
157,Sat Nov 08 2025 22:15:53 GMT+0530 (India Standard Time),Sat Nov 08 2025 22:15:53 GMT+0530 (India Standard Time),11007,Telangana,Medchal-Malkajigiri,Muduchinthalpally,Sampanbole,sandy,,78.64153817,,active,17.63136443,0,0,3.2,0,0
158,Sat Nov 08 2025 22:15:56 GMT+0530 (India Standard Time),Sat Nov 08 2025 22:15:56 GMT+0530 (India Standard Time),7325,Telangana,Rangareddy,Abdullapurmet,Kawadipalle,red,20,78.67375302,formation,active,17.30894976,0,0,6.5,0,0
159,Sat Nov 08 2025 22:16:00 GMT+0530 (India Standard Time),Sat Nov 08 2025 22:16:00 GMT+0530 (India Standard Time),5844,Telangana,Rangareddy,Abdullapurmet,Surmaiguda,Black,0,78.686763,,active,17.29359,0,0,4.5,0,0
160,Sat Nov 08 2025 22:16:04 GMT+0530 (India Standard Time),Sat Nov 08 2025 22:16:04 GMT+0530 (India Standard Time),10872,Telangana,Rangareddy,Abdullapurmet,Koheda,black,60,78.64057111,blacktop,active,17.27606573,0,0,7,0,0
161,Sat Nov 08 2025 22:16:07 GMT+0530 (India Standard Time),Sat Nov 08 2025 22:16:07 GMT+0530 (India Standard Time),11128,Telangana,Rangareddy,Maheshwaram,Nagireddipalle,red,20,78.36894486,formation,active,17.15708149,0,0,2.5,0,0
162,Sat Nov 08 2025 22:16:10 GMT+0530 (India Standard Time),Sat Nov 08 2025 22:16:10 GMT+0530 (India Standard Time),9871,Telangana,Rangareddy,Maheshwaram,Gangaram,,30,78.42368065,blacktop,active,17.15288619,0,0,4,0,0
163,Sat Nov 08 2025 22:16:13 GMT+0530 (India Standard Time),Sat Nov 08 2025 22:16:13 GMT+0530 (India Standard Time),11416,Telangana,Rangareddy,Kandukur,Lemoor,black,40,78.50526007,blacktop,active,17.15974118,0,0,4.5,0,0
164,Sat Nov 08 2025 22:16:17 GMT+0530 (India Standard Time),Sat Nov 08 2025 22:16:17 GMT+0530 (India Standard Time),7390,Telangana,Rangareddy,Yacharam,Thakkellapalle,,40,78.687706,kacha,active,17.012024,0,0,2.2,0,0
165,Sat Nov 08 2025 22:16:20 GMT+0530 (India Standard Time),Sat Nov 08 2025 22:16:20 GMT+0530 (India Standard Time),4478,Telangana,Rangareddy,Manchal,Arutla,black,20,78.826718,formation,active,17.106088,0,0,0.35,0,0
166,Sat Nov 08 2025 22:16:23 GMT+0530 (India Standard Time),Sat Nov 08 2025 22:16:23 GMT+0530 (India Standard Time),8679,Telangana,Yadadri Bhuvanagiri,Bommalaramaram,Somaji Palle,BLACK,40,78.70674783,blacktop,active,17.62475603,0,0,1,0,0
167,Sat Nov 08 2025 22:16:27 GMT+0530 (India Standard Time),Sat Nov 08 2025 22:16:27 GMT+0530 (India Standard Time),11421,Telangana,Rangareddy,Ibrahimpatnam,Naganpalle,black,,78.7054048,,active,17.2474092,0,0,1.8,0,0
168,Sat Nov 08 2025 22:16:30 GMT+0530 (India Standard Time),Sat Nov 08 2025 22:16:30 GMT+0530 (India Standard Time),8338,Telangana,Yadadri Bhuvanagiri,Bibinagar,Gurrala Dandi,black,20,78.86647186,formation,active,17.42457881,0,0,1,0,0
169,Sat Nov 08 2025 22:16:34 GMT+0530 (India Standard Time),Sat Nov 08 2025 22:16:34 GMT+0530 (India Standard Time),10322,Telangana,Yadadri Bhuvanagiri,Athmakur(M),Rahimkhanpet,black,20,79.19133475,formation,active,17.45929072,0,0,0.5,0,0
170,Sat Nov 08 2025 22:16:37 GMT+0530 (India Standard Time),Sat Nov 08 2025 22:16:37 GMT+0530 (India Standard Time),11421,Telangana,Rangareddy,Ibrahimpatnam,Naganpalle,black,,78.7054048,,active,17.2474092,0,0,1.8,0,0
171,Sat Nov 08 2025 22:16:40 GMT+0530 (India Standard Time),Sat Nov 08 2025 22:16:40 GMT+0530 (India Standard Time),11193,Telangana,Rangareddy,Kandukur,Pulumamidi,,50,78.42991108,blacktop,active,17.06741588,0,0,4.22,0,0
172,Sat Nov 08 2025 22:16:43 GMT+0530 (India Standard Time),Sat Nov 08 2025 22:16:43 GMT+0530 (India Standard Time),10310,Telangana,Rangareddy,Keshampeta,Lemamidi,black,,78.35889312,,active,16.90525972,0,0,0.85,0,0
173,Sat Nov 08 2025 22:16:47 GMT+0530 (India Standard Time),Sat Nov 08 2025 22:16:47 GMT+0530 (India Standard Time),10118,Telangana,Yadadri Bhuvanagiri,Bhongir,Chandupatla,Black,40,78.96989022,formation,active,17.51305262,0,0,3,0,1
174,Sat Nov 08 2025 22:16:50 GMT+0530 (India Standard Time),Sat Nov 08 2025 22:16:50 GMT+0530 (India Standard Time),11019,Telangana,Jangoan,Zaffergadh,Zaffargadh,black,,79.44055074,,active,17.7925937,0,0,0.35,0,0
175,Sat Nov 08 2025 22:16:53 GMT+0530 (India Standard Time),Sat Nov 08 2025 22:16:53 GMT+0530 (India Standard Time),11440,Telangana,Mahabubnagar,Jadcherla,Chinna Adiryal,Black,40,78.3084999,formation,active,16.83810293,0,0,0.75,0,0
176,Sat Nov 08 2025 22:16:57 GMT+0530 (India Standard Time),Sat Nov 08 2025 22:16:57 GMT+0530 (India Standard Time),9565,Andhra Pradesh,Guntur,MANGALAGIRI,CHINAKAKANI,red,40,80.53997127,blacktop,active,16.41454587,0,0,8,0,0
177,Sat Nov 08 2025 22:17:00 GMT+0530 (India Standard Time),Sat Nov 08 2025 22:17:00 GMT+0530 (India Standard Time),4469,Andhra Pradesh,Guntur,TADIKONDA,TADIKONDA,black,0,80.4877472,,active,16.4244412,0,0,3.05,0,0
178,Sat Nov 08 2025 22:17:04 GMT+0530 (India Standard Time),Sat Nov 08 2025 22:17:04 GMT+0530 (India Standard Time),5049,Andhra Pradesh,NTR,KANCHIKA CHERLA,KUNIKINAPADU,Black,40,80.3472485,blacktop,active,16.629146,0,0,2.33,0,0
179,Sat Nov 08 2025 22:17:07 GMT+0530 (India Standard Time),Sat Nov 08 2025 22:17:07 GMT+0530 (India Standard Time),4236,Andhra Pradesh,Palnadu,AMARAVATHI,MALLADI,Red,40,80.278397,blacktop,active,16.578313,0,0,1.2,0,1
180,Sat Nov 08 2025 22:17:10 GMT+0530 (India Standard Time),Sat Nov 08 2025 22:17:10 GMT+0530 (India Standard Time),8916,Andhra Pradesh,Krishna,GANNAVARAM,GANNAVARAM (U),black,100,80.79965844,highway_road,active,16.56477905,0,0,5,0,0
181,Sat Nov 08 2025 22:17:13 GMT+0530 (India Standard Time),Sat Nov 08 2025 22:17:13 GMT+0530 (India Standard Time),4343,Andhra Pradesh,Guntur,PEDAKAKANI,VENIGANDLA,Black,40,80.477022,blacktop,active,16.370037,0,0,3,0,1
182,Sat Nov 08 2025 22:17:17 GMT+0530 (India Standard Time),Sat Nov 08 2025 22:17:17 GMT+0530 (India Standard Time),10140,Andhra Pradesh,Guntur,MEDIKONDURU,DOKIPARRU,black,,80.30947307,,active,16.32980845,0,0,1.2,0,0
183,Sat Nov 08 2025 22:17:20 GMT+0530 (India Standard Time),Sat Nov 08 2025 22:17:20 GMT+0530 (India Standard Time),8620,Andhra Pradesh,NTR,KANCHIKA CHERLA,CHEVITIKALLU,black,,80.37592204,,active,16.62938655,0,0,1.3,0,0
184,Sat Nov 08 2025 22:17:24 GMT+0530 (India Standard Time),Sat Nov 08 2025 22:17:24 GMT+0530 (India Standard Time),3787,Andhra Pradesh,Guntur,TADIKONDA,TADIKONDA,Black,20,80.444931,kacha,active,16.393378,0,0,3,0,0
185,Sat Nov 08 2025 22:17:27 GMT+0530 (India Standard Time),Sat Nov 08 2025 22:17:27 GMT+0530 (India Standard Time),6828,Andhra Pradesh,Guntur,Guntur West,ANKIREDDIPALEM,black,20,80.410019,formation,active,16.260973,0,0,2,0,0
186,Sat Nov 08 2025 22:17:31 GMT+0530 (India Standard Time),Sat Nov 08 2025 22:17:31 GMT+0530 (India Standard Time),10140,Andhra Pradesh,Guntur,MEDIKONDURU,DOKIPARRU,black,,80.30947307,,active,16.32980845,0,0,1.2,0,0
187,Sat Nov 08 2025 22:17:34 GMT+0530 (India Standard Time),Sat Nov 08 2025 22:17:34 GMT+0530 (India Standard Time),6901,Andhra Pradesh,Guntur,MEDIKONDURU,DOKIPARRU,black,0,80.3238357,,active,16.3205486,0,0,3,0,0
188,Sat Nov 08 2025 22:17:37 GMT+0530 (India Standard Time),Sat Nov 08 2025 22:17:37 GMT+0530 (India Standard Time),8763,Andhra Pradesh,Guntur,MEDIKONDURU,VELAVARTHI PADU,black,40,80.30967973,blacktop,active,16.36280976,0,0,0.6,0,0
189,Sat Nov 08 2025 22:17:41 GMT+0530 (India Standard Time),Sat Nov 08 2025 22:17:41 GMT+0530 (India Standard Time),10049,Andhra Pradesh,Krishna,KANKIPADU,UPPALURU,black,40,80.7698445,blacktop,active,16.48796571,0,0,3,0,0
190,Sat Nov 08 2025 22:17:44 GMT+0530 (India Standard Time),Sat Nov 08 2025 22:17:44 GMT+0530 (India Standard Time),10337,Andhra Pradesh,Krishna,KANKIPADU,GODAVARRU,black,2,80.75720848,formation,active,16.40744459,0,1,1.12,0,0
191,Sat Nov 08 2025 22:17:47 GMT+0530 (India Standard Time),Sat Nov 08 2025 22:17:47 GMT+0530 (India Standard Time),,,,,,,,,,,,0,,,0,
192,Sat Nov 08 2025 22:17:50 GMT+0530 (India Standard Time),Sat Nov 08 2025 22:17:50 GMT+0530 (India Standard Time),4399,Andhra Pradesh,Krishna,VUYYURU,KADAVAKOLLU,,20,80.8494924,formation,active,16.3988503,0,0,1.25,0,0
193,Sat Nov 08 2025 22:17:54 GMT+0530 (India Standard Time),Sat Nov 08 2025 22:17:54 GMT+0530 (India Standard Time),4246,Andhra Pradesh,Krishna,GUDIVADA,SERI GOLVEPALLE,,0,81.075272,,active,16.475315,0,0,0.4,0,0
194,Sat Nov 08 2025 22:17:57 GMT+0530 (India Standard Time),Sat Nov 08 2025 22:17:57 GMT+0530 (India Standard Time),4107,Andhra Pradesh,Palnadu,AMARAVATHI,MALLADI,Black,40,80.2806667,blacktop,active,16.5622778,0,0,1.12,0,0
195,Sat Nov 08 2025 22:18:00 GMT+0530 (India Standard Time),Sat Nov 08 2025 22:18:00 GMT+0530 (India Standard Time),10844,Andhra Pradesh,Palnadu,PEDAKURAPADU,PEDAKURAPADU,black,,80.27247876,,active,16.46757077,0,0,0.95,0,0
196,Sat Nov 08 2025 22:18:04 GMT+0530 (India Standard Time),Sat Nov 08 2025 22:18:04 GMT+0530 (India Standard Time),4407,Andhra Pradesh,Guntur,MEDIKONDURU,MANDAPADU,Red,12,80.31837,formation,active,16.394376,0,0,0.8,0,0
197,Sat Nov 08 2025 22:18:08 GMT+0530 (India Standard Time),Sat Nov 08 2025 22:18:08 GMT+0530 (India Standard Time),9832,Andhra Pradesh,Guntur,TADIKONDA,MOTHADAKA,black,40,80.38308845,blacktop,active,16.46617783,0,0,1.1,0,0
198,Sat Nov 08 2025 22:18:11 GMT+0530 (India Standard Time),Sat Nov 08 2025 22:18:11 GMT+0530 (India Standard Time),10779,Andhra Pradesh,Guntur,DUGGIRALA,Srungarapuram,black,,80.63485473,,active,16.39055107,0,0,1,0,0
199,Sat Nov 08 2025 22:18:15 GMT+0530 (India Standard Time),Sat Nov 08 2025 22:18:15 GMT+0530 (India Standard Time),8908,Andhra Pradesh,NTR,KANCHIKA CHERLA,GOTTUMUKKALA,black,,80.44540494,,active,16.68414314,0,0,0.55,0,0
200,Sat Nov 08 2025 22:18:18 GMT+0530 (India Standard Time),Sat Nov 08 2025 22:18:18 GMT+0530 (India Standard Time),8620,Andhra Pradesh,NTR,KANCHIKA CHERLA,CHEVITIKALLU,black,,80.37592204,,active,16.62938655,0,0,1.3,0,0
201,Sat Nov 08 2025 22:18:21 GMT+0530 (India Standard Time),Sat Nov 08 2025 22:18:21 GMT+0530 (India Standard Time),8630,Andhra Pradesh,Palnadu,SATTENAPALLE,BHRUGUBANDA,black,40,80.08712306,blacktop,active,16.47777437,0,0,0.35,0,0
202,Sat Nov 08 2025 22:18:25 GMT+0530 (India Standard Time),Sat Nov 08 2025 22:18:25 GMT+0530 (India Standard Time),4983,Andhra Pradesh,Guntur,THULLUR,VADDAMANU,Black,0,80.409758,,active,16.526448,0,0,2.2,0,0
203,Sat Nov 08 2025 22:18:28 GMT+0530 (India Standard Time),Sat Nov 08 2025 22:18:28 GMT+0530 (India Standard Time),8754,Andhra Pradesh,Palnadu,AMARAVATHI,UNGUTURU,black,,80.38005427,,active,16.49754908,0,0,1.1,0,0
204,Sat Nov 08 2025 22:18:31 GMT+0530 (India Standard Time),Sat Nov 08 2025 22:18:31 GMT+0530 (India Standard Time),6809,Andhra Pradesh,Guntur,PEDAKAKANI,UPPALAPADU,black,0,80.51601,,active,16.340374,0,0,2,0,0
205,Sat Nov 08 2025 22:18:35 GMT+0530 (India Standard Time),Sat Nov 08 2025 22:18:35 GMT+0530 (India Standard Time),5049,Andhra Pradesh,NTR,KANCHIKA CHERLA,KUNIKINAPADU,Black,40,80.3472485,blacktop,active,16.629146,0,0,2.33,0,0
206,Sat Nov 08 2025 22:18:38 GMT+0530 (India Standard Time),Sat Nov 08 2025 22:18:38 GMT+0530 (India Standard Time),4464,Andhra Pradesh,NTR,KANCHIKA CHERLA,KANCHIKACHERLA,black,20,80.3638197,formation,active,16.6582166,0,0,2,0,0
207,Sat Nov 08 2025 22:18:41 GMT+0530 (India Standard Time),Sat Nov 08 2025 22:18:41 GMT+0530 (India Standard Time),8107,Andhra Pradesh,NTR,CHANDARLAPADU,MUPPALLA,black,,80.26257363,,active,16.73596914,0,0,0.65,0,0
208,Sat Nov 08 2025 22:18:44 GMT+0530 (India Standard Time),Sat Nov 08 2025 22:18:44 GMT+0530 (India Standard Time),5797,Telangana,Jangoan,Palakurthi,Visnoor,red,40,79.388577,blacktop,active,17.636695,0,0,0.37,0,0
209,Sat Nov 08 2025 22:18:48 GMT+0530 (India Standard Time),Sat Nov 08 2025 22:18:48 GMT+0530 (India Standard Time),5394,Telangana,Jangoan,Palakurthi,Visnoor,Red,40,79.407173,blacktop,active,17.617354,0,0,0.38,0,1
210,Sat Nov 08 2025 22:18:51 GMT+0530 (India Standard Time),Sat Nov 08 2025 22:18:51 GMT+0530 (India Standard Time),5108,Telangana,Jangoan,Palakurthi,Vavilala,Red,20,79.502617,kacha,active,17.628961,0,0,0.23,0,1
211,Sat Nov 08 2025 22:18:55 GMT+0530 (India Standard Time),Sat Nov 08 2025 22:18:55 GMT+0530 (India Standard Time),3952,Telangana,Yadadri Bhuvanagiri,Gundala,Ramaram,Red,18,79.2707909,formation,active,17.5217183,0,0,0.4,0,1
212,Sat Nov 08 2025 22:18:58 GMT+0530 (India Standard Time),Sat Nov 08 2025 22:18:58 GMT+0530 (India Standard Time),2567,Telangana,Jangoan,Raghunatha Palle,Bhanjipeta,Black,0,79.2985077,,active,17.7094402,0,0,0.25,0,0
213,Sat Nov 08 2025 22:19:01 GMT+0530 (India Standard Time),Sat Nov 08 2025 22:19:01 GMT+0530 (India Standard Time),11019,Telangana,Jangoan,Zaffergadh,Zaffargadh,black,,79.44055074,,active,17.7925937,0,0,0.35,0,0
214,Sat Nov 08 2025 22:19:04 GMT+0530 (India Standard Time),Sat Nov 08 2025 22:19:04 GMT+0530 (India Standard Time),378,Telangana,Warangal,Wardhannapet,Nallabelle,black,16,79.6289625,formation,active,17.8081229,1,0,0.28,0,0
215,Sat Nov 08 2025 22:19:08 GMT+0530 (India Standard Time),Sat Nov 08 2025 22:19:08 GMT+0530 (India Standard Time),1812,Telangana,Jangoan,Ghanpur(Stn),Ippa Gudem,red,20,79.3441168,formation,active,17.7525787,0,0,0.3,0,0
216,Sat Nov 08 2025 22:19:11 GMT+0530 (India Standard Time),Sat Nov 08 2025 22:19:11 GMT+0530 (India Standard Time),8971,Telangana,Siddipet,Maddur,Ladnoor,red,20,79.07471818,formation,active,17.8744408,0,0,0.23,0,0
217,Sat Nov 08 2025 22:19:14 GMT+0530 (India Standard Time),Sat Nov 08 2025 22:19:14 GMT+0530 (India Standard Time),4423,Telangana,Karimnagar,Chigurumamidi,Mulkanoor,sandy,20,79.1976899,formation,active,18.2789294,0,0,0.86,0,0
218,Sat Nov 08 2025 22:19:18 GMT+0530 (India Standard Time),Sat Nov 08 2025 22:19:18 GMT+0530 (India Standard Time),10010,Telangana,Siddipet,Nanganoor,Nanganur,,30,79.04853607,blacktop,active,18.03660999,0,0,0.3,0,0
219,Sat Nov 08 2025 22:19:21 GMT+0530 (India Standard Time),Sat Nov 08 2025 22:19:21 GMT+0530 (India Standard Time),11114,Telangana,Siddipet,Cheriyal,Chunchankota,sandy,,78.98025305,,active,17.87854711,0,0,0.27,0,0
220,Sat Nov 08 2025 22:19:24 GMT+0530 (India Standard Time),Sat Nov 08 2025 22:19:24 GMT+0530 (India Standard Time),10848,Telangana,Jangoan,Lingala Ghanpur,Lingalaghanpur,red,,79.17743584,,active,17.6579355,0,0,0.65,0,0
221,Sat Nov 08 2025 22:19:27 GMT+0530 (India Standard Time),Sat Nov 08 2025 22:19:27 GMT+0530 (India Standard Time),10322,Telangana,Yadadri Bhuvanagiri,Athmakur(M),Rahimkhanpet,black,20,79.19133475,formation,active,17.45929072,0,0,0.5,0,0
222,Sat Nov 08 2025 22:19:31 GMT+0530 (India Standard Time),Sat Nov 08 2025 22:19:31 GMT+0530 (India Standard Time),9121,Telangana,Yadadri Bhuvanagiri,Alair,Sharajpet,black,40,79.13082881,blacktop,active,17.63977206,0,0,0.55,0,0
223,Sat Nov 08 2025 22:19:34 GMT+0530 (India Standard Time),Sat Nov 08 2025 22:19:34 GMT+0530 (India Standard Time),6609,Telangana,Yadadri Bhuvanagiri,Rajapet,Bondugula,Red,25,78.975027,kacha,active,17.769823,0,0,0.65,0.176470588,1
224,Sat Nov 08 2025 22:19:37 GMT+0530 (India Standard Time),Sat Nov 08 2025 22:19:37 GMT+0530 (India Standard Time),2333,Telangana,Siddipet,Kondapak,Sirsingandla,Red,18,78.81308,formation,active,17.9814483,0,0,0.38,0.294117647,1
225,Sat Nov 08 2025 22:19:41 GMT+0530 (India Standard Time),Sat Nov 08 2025 22:19:41 GMT+0530 (India Standard Time),9314,Telangana,Siddipet,Thoguta,Bandarpally,Black,10,78.80063733,formation,active,18.04775546,0,0,0.65,0,0
226,Sat Nov 08 2025 22:19:44 GMT+0530 (India Standard Time),Sat Nov 08 2025 22:19:44 GMT+0530 (India Standard Time),7055,Telangana,Siddipet,Cheriyal,Cheriyal,Red,,79.01640167,,active,17.92298863,0,0,0.44,0,0
227,Sat Nov 08 2025 22:19:47 GMT+0530 (India Standard Time),Sat Nov 08 2025 22:19:47 GMT+0530 (India Standard Time),2110,Telangana,Jangoan,Lingala Ghanpur,Kothapalle,Red,20,79.2182565,formation,active,17.6415657,0,0,0.32,0,0
228,Sat Nov 08 2025 22:19:51 GMT+0530 (India Standard Time),Sat Nov 08 2025 22:19:51 GMT+0530 (India Standard Time),4591,Telangana,Jangoan,Palakurthi,Manchuppula,Black,20,79.444737,kacha,active,17.594911,0,0,0.22,0,0
229,Sat Nov 08 2025 22:19:54 GMT+0530 (India Standard Time),Sat Nov 08 2025 22:19:54 GMT+0530 (India Standard Time),5394,Telangana,Jangoan,Palakurthi,Visnoor,Red,40,79.407173,blacktop,active,17.617354,0,0,0.38,0,1
230,Sat Nov 08 2025 22:19:57 GMT+0530 (India Standard Time),Sat Nov 08 2025 22:19:57 GMT+0530 (India Standard Time),4592,Telangana,Jangoan,Palakurthi,Mutharam,Red,15,79.48499,kacha,active,17.608091,0,0,0.23,0.352941176,1
231,Sat Nov 08 2025 22:20:01 GMT+0530 (India Standard Time),Sat Nov 08 2025 22:20:01 GMT+0530 (India Standard Time),2475,Telangana,Jangoan,Palakurthi,Manchuppula,Red,18,79.439381,kacha,active,17.577948,0,0,0.26,0,0
232,Sat Nov 08 2025 22:20:04 GMT+0530 (India Standard Time),Sat Nov 08 2025 22:20:04 GMT+0530 (India Standard Time),5396,Telangana,Jangoan,Devaruppula,Devaruppula,Black,80,79.358109,cc_road,active,17.544712,0,0,0.39,0,0
233,Sat Nov 08 2025 22:20:07 GMT+0530 (India Standard Time),Sat Nov 08 2025 22:20:07 GMT+0530 (India Standard Time),1870,Telangana,Yadadri Bhuvanagiri,Mothkur,Bijilapur,,30,79.2771808,kacha,active,17.408,0,0,0.7,0,0
234,Sat Nov 08 2025 22:20:11 GMT+0530 (India Standard Time),Sat Nov 08 2025 22:20:11 GMT+0530 (India Standard Time),3659,Telangana,Yadadri Bhuvanagiri,Valigonda,Duppelli,Red,15,79.19384,kacha,active,17.3761253,0,0,0.36,0,0
235,Sat Nov 08 2025 22:20:14 GMT+0530 (India Standard Time),Sat Nov 08 2025 22:20:14 GMT+0530 (India Standard Time),10120,Telangana,Yadadri Bhuvanagiri,Athmakur(M),Sarvepalle,Black,40,79.10906863,blacktop,active,17.46575434,0,0,1.5,0,0
236,Sat Nov 08 2025 22:20:17 GMT+0530 (India Standard Time),Sat Nov 08 2025 22:20:17 GMT+0530 (India Standard Time),10322,Telangana,Yadadri Bhuvanagiri,Athmakur(M),Rahimkhanpet,black,20,79.19133475,formation,active,17.45929072,0,0,0.5,0,0
237,Sat Nov 08 2025 22:20:21 GMT+0530 (India Standard Time),Sat Nov 08 2025 22:20:21 GMT+0530 (India Standard Time),4700,Telangana,Yadadri Bhuvanagiri,Bhongir,Kesaram,Red,10,78.9677396,formation,active,17.5252494,0,0,1.26,0,0
238,Sat Nov 08 2025 22:20:24 GMT+0530 (India Standard Time),Sat Nov 08 2025 22:20:24 GMT+0530 (India Standard Time),3663,Telangana,Yadadri Bhuvanagiri,Bibinagar,Maqdoom Palle,Red,20,78.8803989,kacha,active,17.4725651,0,0,0.87,0,0
239,Sat Nov 08 2025 22:20:28 GMT+0530 (India Standard Time),Sat Nov 08 2025 22:20:28 GMT+0530 (India Standard Time),7679,Telangana,Yadadri Bhuvanagiri,Rajapet,Pamukunta,,,78.90040899,,active,17.7518131,0,0,0.7,0,0
240,Sat Nov 08 2025 22:20:32 GMT+0530 (India Standard Time),Sat Nov 08 2025 22:20:32 GMT+0530 (India Standard Time),8694,Telangana,Siddipet,Gajwel,Arepalle [Sivar Bejgaon,,14,78.672179,formation,active,17.902,0,0,0.6,0,0
241,Sat Nov 08 2025 22:20:35 GMT+0530 (India Standard Time),Sat Nov 08 2025 22:20:35 GMT+0530 (India Standard Time),9299,Telangana,Yadadri Bhuvanagiri,Thurkapally,Konapur,black,40,78.8511678,formation,active,17.69284799,0,0,0.55,0,0
242,Sat Nov 08 2025 22:20:38 GMT+0530 (India Standard Time),Sat Nov 08 2025 22:20:38 GMT+0530 (India Standard Time),497,Telangana,Medchal-Malkajigiri,Ghatkesar,Madharam,black,24,78.7530833,formation,active,17.4148056,2,0,1.5,0,0
243,Sat Nov 08 2025 22:20:42 GMT+0530 (India Standard Time),Sat Nov 08 2025 22:20:42 GMT+0530 (India Standard Time),3514,Telangana,Sangareddy,Gummadidala,Kothapalle,Red,40,78.371391,blacktop,active,17.730854,0,0,1.6,0,1
244,Sat Nov 08 2025 22:20:45 GMT+0530 (India Standard Time),Sat Nov 08 2025 22:20:45 GMT+0530 (India Standard Time),3935,Telangana,Medak,Shivampet,Ratnapoor,Red,20,78.3378129,kacha,active,17.82961,0,0,0.65,0,0
245,Sat Nov 08 2025 22:20:48 GMT+0530 (India Standard Time),Sat Nov 08 2025 22:20:48 GMT+0530 (India Standard Time),9233,Telangana,Medak,Yeldurthy,Mannevar Jalalpur,Black,30,78.30246711,formation,active,17.89469642,0,0,0.56,0,0
246,Sat Nov 08 2025 22:20:52 GMT+0530 (India Standard Time),Sat Nov 08 2025 22:20:52 GMT+0530 (India Standard Time),2076,Telangana,Medak,Kowdipalle,Kanchanpalle,Black,30,78.2591318,kacha,active,17.9098548,0,0,0.56,0,1
247,Sat Nov 08 2025 22:20:55 GMT+0530 (India Standard Time),Sat Nov 08 2025 22:20:55 GMT+0530 (India Standard Time),11030,Telangana,Medak,Kowdipalle,Yelmakanna,black,20,78.2218428,formation,active,17.91419054,0,0,0.6,0,0
248,Sat Nov 08 2025 22:20:58 GMT+0530 (India Standard Time),Sat Nov 08 2025 22:20:58 GMT+0530 (India Standard Time),4421,Telangana,Medak,Kowdipalle,Kannavaram,Black,20,78.185921,kacha,active,17.878974,0,0,0.65,0,0
249,Sat Nov 08 2025 22:21:02 GMT+0530 (India Standard Time),Sat Nov 08 2025 22:21:02 GMT+0530 (India Standard Time),3348,Telangana,Medak,Chilipched,Ajjamarri,Red,20,78.1255556,kacha,active,17.8240833,0,0,0.83,0,1
250,Sat Nov 08 2025 22:21:05 GMT+0530 (India Standard Time),Sat Nov 08 2025 22:21:05 GMT+0530 (India Standard Time),6191,Telangana,Medak,Kulcharam,Yenigandla,Black,0,78.087929,,active,17.905931,0,0,0.42,0,0
251,Sat Nov 08 2025 22:21:08 GMT+0530 (India Standard Time),Sat Nov 08 2025 22:21:08 GMT+0530 (India Standard Time),10206,Telangana,Medak,Kowdipalle,Bujarampet,black,40,78.14335726,blacktop,active,17.90376666,0,0,0.45,0,0
252,Sat Nov 08 2025 22:21:11 GMT+0530 (India Standard Time),Sat Nov 08 2025 22:21:11 GMT+0530 (India Standard Time),2859,Telangana,Medak,Kowdipalle,Bujarampet,Red,20,78.1401751,kacha,active,17.8979081,0,0,0.5,0,0
253,Sat Nov 08 2025 22:21:15 GMT+0530 (India Standard Time),Sat Nov 08 2025 22:21:15 GMT+0530 (India Standard Time),3152,Telangana,Medak,Kulcharam,Rangampet,Black,0,78.1115734,,active,17.9403678,0,0,0.45,0,0
254,Sat Nov 08 2025 22:21:18 GMT+0530 (India Standard Time),Sat Nov 08 2025 22:21:18 GMT+0530 (India Standard Time),9047,Telangana,Medak,Kulcharam,Yenigandla,black,100,78.1158928,highway_road,active,17.92906197,0,0,1.5,0,0
255,Sat Nov 08 2025 22:21:21 GMT+0530 (India Standard Time),Sat Nov 08 2025 22:21:21 GMT+0530 (India Standard Time),10476,Telangana,Medak,Kulcharam,Etigadda Mohmdapur,red,40,78.0847558,blacktop,active,17.93605352,0,0,0.55,0,0
256,Sat Nov 08 2025 22:21:25 GMT+0530 (India Standard Time),Sat Nov 08 2025 22:21:25 GMT+0530 (India Standard Time),7816,Telangana,Medak,Kulcharam,Yenigandla,black,,78.09607512,,active,17.93219444,0,0,0.48,0,0
257,Sat Nov 08 2025 22:21:28 GMT+0530 (India Standard Time),Sat Nov 08 2025 22:21:28 GMT+0530 (India Standard Time),5292,Telangana,Medak,Kulcharam,Etigadda Mohmdapur,Black,40,78.07998,blacktop,active,17.9358,0,0,0.75,0,0
258,Sat Nov 08 2025 22:21:31 GMT+0530 (India Standard Time),Sat Nov 08 2025 22:21:31 GMT+0530 (India Standard Time),4194,Telangana,Medak,Kulcharam,Paithara,Black,40,78.0944394,blacktop,active,17.9482994,0,0,0.65,0,0
259,Sat Nov 08 2025 22:21:34 GMT+0530 (India Standard Time),Sat Nov 08 2025 22:21:34 GMT+0530 (India Standard Time),4538,Telangana,Medak,Kulcharam,Yenigandla,Black,18,78.0778315,kacha,active,17.916907,0,0,0.43,0,0
260,Sat Nov 08 2025 22:21:38 GMT+0530 (India Standard Time),Sat Nov 08 2025 22:21:38 GMT+0530 (India Standard Time),7751,Telangana,Medak,Tekmal,Kusangi,black,40,78.03846476,blacktop,active,17.90245634,0,0,0.56,0,0
261,Sat Nov 08 2025 22:21:41 GMT+0530 (India Standard Time),Sat Nov 08 2025 22:21:41 GMT+0530 (India Standard Time),1510,Telangana,Medak,Tekmal,Bodmatpalle,black,60,77.9797883,blacktop,active,17.951475,1,1,0.75,0.352941176,0
262,Sat Nov 08 2025 22:21:44 GMT+0530 (India Standard Time),Sat Nov 08 2025 22:21:44 GMT+0530 (India Standard Time),4575,Telangana,Sangareddy,Vatpally,Marvelly,Black,40,77.93383,blacktop,active,17.851191,0,0,0.62,0,0
263,Sat Nov 08 2025 22:21:48 GMT+0530 (India Standard Time),Sat Nov 08 2025 22:21:48 GMT+0530 (India Standard Time),4900,Telangana,Sangareddy,Munipally,Chinnachelmeda,Black,18,77.849287,formation,active,17.721934,0,0,0.6,0,0
264,Sat Nov 08 2025 22:21:51 GMT+0530 (India Standard Time),Sat Nov 08 2025 22:21:51 GMT+0530 (India Standard Time),2422,Telangana,Sangareddy,Pulkal,Mudimanik,Black,20,78.0079727,formation,active,17.7584801,0,0,0.55,0.294117647,0
265,Sat Nov 08 2025 22:21:54 GMT+0530 (India Standard Time),Sat Nov 08 2025 22:21:54 GMT+0530 (India Standard Time),7253,Telangana,Sangareddy,Pulkal,Gongulur,Red,,78.05302042,,active,17.71029031,0,0,0.5,0,0
266,Sat Nov 08 2025 22:21:58 GMT+0530 (India Standard Time),Sat Nov 08 2025 22:21:58 GMT+0530 (India Standard Time),3512,Telangana,Sangareddy,Pulkal,Gongulur,Red,20,78.0621944,formation,active,17.7112778,0,0,0.5,0,0
267,Sat Nov 08 2025 22:22:02 GMT+0530 (India Standard Time),Sat Nov 08 2025 22:22:02 GMT+0530 (India Standard Time),7319,Telangana,Sangareddy,Chowtakur,Posanipalle,Red,33,78.06253772,kacha,active,17.75249303,0,0,0.65,0,0
268,Sat Nov 08 2025 22:22:05 GMT+0530 (India Standard Time),Sat Nov 08 2025 22:22:05 GMT+0530 (India Standard Time),11460,Telangana,Sangareddy,Chowtakur,Korpole,,20,78.10221785,kacha,active,17.71154229,0,0,0.98,0,1
269,Sat Nov 08 2025 22:22:09 GMT+0530 (India Standard Time),Sat Nov 08 2025 22:22:09 GMT+0530 (India Standard Time),9287,Telangana,Sangareddy,Hathnoor,Govindarajupalle,black,20,78.15655599,formation,active,17.77571449,0,0,0.85,0,0
270,Sat Nov 08 2025 22:22:12 GMT+0530 (India Standard Time),Sat Nov 08 2025 22:22:12 GMT+0530 (India Standard Time),5537,Telangana,Sangareddy,Pulkal,Mudimanik,Black,0,78.002411,,active,17.776077,0,0,0.5,0,0
271,Sat Nov 08 2025 22:22:15 GMT+0530 (India Standard Time),Sat Nov 08 2025 22:22:15 GMT+0530 (India Standard Time),3735,Telangana,Sangareddy,Sadasivpet,Atmakur,Black,18,77.9433056,kacha,active,17.6803056,0,0,0.45,0,0
272,Sat Nov 08 2025 22:22:18 GMT+0530 (India Standard Time),Sat Nov 08 2025 22:22:18 GMT+0530 (India Standard Time),362,Telangana,Sangareddy,Kondapur,Ananthasagar,Black,16,77.9539866,kacha,active,17.5503895,1,0,0.8,0,0
273,Sat Nov 08 2025 22:22:22 GMT+0530 (India Standard Time),Sat Nov 08 2025 22:22:22 GMT+0530 (India Standard Time),7797,Telangana,Vikarabad,Mominpet,Durgamcheru,black,,77.86968578,,active,17.44999132,0,0,0.35,0,0
274,Sat Nov 08 2025 22:22:25 GMT+0530 (India Standard Time),Sat Nov 08 2025 22:22:25 GMT+0530 (India Standard Time),9797,Telangana,Vikarabad,Mominpet,Velchal,Black,20,77.86660998,formation,active,17.47277344,0,0,0.7,0,1
275,Sat Nov 08 2025 22:22:28 GMT+0530 (India Standard Time),Sat Nov 08 2025 22:22:28 GMT+0530 (India Standard Time),8393,Telangana,Vikarabad,Mominpet,Durgamcheru,black,,77.87356026,,active,17.45558856,0,0,0.3,0,0
276,Sat Nov 08 2025 22:22:32 GMT+0530 (India Standard Time),Sat Nov 08 2025 22:22:32 GMT+0530 (India Standard Time),8545,Telangana,Vikarabad,Kotepally,Nagsanpalle,black,,77.81461195,,active,17.41858695,0,0,0.26,0,0
277,Sat Nov 08 2025 22:22:35 GMT+0530 (India Standard Time),Sat Nov 08 2025 22:22:35 GMT+0530 (India Standard Time),6512,Telangana,Vikarabad,Kotepally,Mothkupalle,black,0,77.806145,,active,17.440082,0,0,0.49,0,0
278,Sat Nov 08 2025 22:22:38 GMT+0530 (India Standard Time),Sat Nov 08 2025 22:22:38 GMT+0530 (India Standard Time),582,Telangana,Vikarabad,Kotepally,Beerol,Black,40,77.8323611,blacktop,active,17.3972222,2,0,0.65,0,1
279,Sat Nov 08 2025 22:22:42 GMT+0530 (India Standard Time),Sat Nov 08 2025 22:22:42 GMT+0530 (India Standard Time),5285,Telangana,Vikarabad,Kotepally,Nagsanpalle,,40,77.829754,blacktop,active,17.423765,0,0,0.42,0,0
280,Sat Nov 08 2025 22:22:45 GMT+0530 (India Standard Time),Sat Nov 08 2025 22:22:45 GMT+0530 (India Standard Time),4590,Telangana,Vikarabad,Kotepally,Yennaram,Black,25,77.750492,blacktop,active,17.431754,0,0,0.55,0,0
281,Sat Nov 08 2025 22:22:48 GMT+0530 (India Standard Time),Sat Nov 08 2025 22:22:48 GMT+0530 (India Standard Time),625,Telangana,Vikarabad,Kotepally,Kothapalle,black,40,77.738235,blacktop,active,17.419672,2,0,0.32,0,0
282,Sat Nov 08 2025 22:22:52 GMT+0530 (India Standard Time),Sat Nov 08 2025 22:22:52 GMT+0530 (India Standard Time),2043,Telangana,Vikarabad,Bantwaram,Bantaram,red,20,77.7155503,formation,active,17.4154398,0,0,0.55,0,1
283,Sat Nov 08 2025 22:22:55 GMT+0530 (India Standard Time),Sat Nov 08 2025 22:22:55 GMT+0530 (India Standard Time),4427,Telangana,Vikarabad,Kotepally,Kotpalle,Black,0,77.750082,,active,17.3781156,0,0,0.55,0,0
284,Sat Nov 08 2025 22:22:58 GMT+0530 (India Standard Time),Sat Nov 08 2025 22:22:58 GMT+0530 (India Standard Time),838,Telangana,Vikarabad,Kotepally,Kotpalle,Red,20,77.7488889,kacha,active,17.3700833,2,0,0.7,0,0
285,Sat Nov 08 2025 22:23:01 GMT+0530 (India Standard Time),Sat Nov 08 2025 22:23:01 GMT+0530 (India Standard Time),4878,Telangana,Vikarabad,Kotepally,Vagulapur,red,40,77.7048492,blacktop,active,17.363409,0,0,0.65,0,0
286,Sat Nov 08 2025 22:23:05 GMT+0530 (India Standard Time),Sat Nov 08 2025 22:23:05 GMT+0530 (India Standard Time),10262,Telangana,Vikarabad,Peddemul,Marpalle,black,60,77.68889193,blacktop,active,17.34491903,0,0,0.65,0,0
287,Sat Nov 08 2025 22:23:08 GMT+0530 (India Standard Time),Sat Nov 08 2025 22:23:08 GMT+0530 (India Standard Time),912,Telangana,Vikarabad,Peddemul,Marpalle,Black,16,77.7029444,kacha,active,17.3392222,2,0,0.3,0,0
288,Sat Nov 08 2025 22:23:11 GMT+0530 (India Standard Time),Sat Nov 08 2025 22:23:11 GMT+0530 (India Standard Time),3946,Telangana,Vikarabad,Peddemul,Mansampalle,Black,40,77.710694,blacktop,active,17.314464,0,1,1,0.352941176,1
289,Sat Nov 08 2025 22:23:15 GMT+0530 (India Standard Time),Sat Nov 08 2025 22:23:15 GMT+0530 (India Standard Time),2638,Telangana,Vikarabad,Dharur,Dharur,Black,18,77.771527,formation,active,17.3162563,0,0,0.8,0,1
290,Sat Nov 08 2025 22:23:18 GMT+0530 (India Standard Time),Sat Nov 08 2025 22:23:18 GMT+0530 (India Standard Time),1875,Telangana,Vikarabad,Peddemul,Gazipur,black,40,77.6318776,blacktop,active,17.3025609,0,1,0.48,0.352941176,1
291,Sat Nov 08 2025 22:23:21 GMT+0530 (India Standard Time),Sat Nov 08 2025 22:23:21 GMT+0530 (India Standard Time),5896,Telangana,Vikarabad,Tandur,Chengole,black,40,77.582963,blacktop,active,17.291741,0,0,0.7,0,0
292,Sat Nov 08 2025 22:23:24 GMT+0530 (India Standard Time),Sat Nov 08 2025 22:23:24 GMT+0530 (India Standard Time),5734,Telangana,Vikarabad,Tandur,Tandur (M),black,20,77.562031,formation,active,17.248359,0,0,0.45,0,0
293,Sat Nov 08 2025 22:23:28 GMT+0530 (India Standard Time),Sat Nov 08 2025 22:23:28 GMT+0530 (India Standard Time),5996,Telangana,Vikarabad,Yelal,Kamalapur,black,0,77.674838,,active,17.234279,0,0,0.43,0,0
294,Sat Nov 08 2025 22:23:31 GMT+0530 (India Standard Time),Sat Nov 08 2025 22:23:31 GMT+0530 (India Standard Time),5993,Telangana,Vikarabad,Yelal,Nagasamudar,sandy,20,77.674019,formation,active,17.22203,0,0,0.25,0,0
295,Sat Nov 08 2025 22:23:34 GMT+0530 (India Standard Time),Sat Nov 08 2025 22:23:34 GMT+0530 (India Standard Time),3880,Telangana,Vikarabad,Yelal,Nagasamudar,Black,40,77.683116,blacktop,active,17.222774,0,0,0.55,0,0
296,Sat Nov 08 2025 22:23:38 GMT+0530 (India Standard Time),Sat Nov 08 2025 22:23:38 GMT+0530 (India Standard Time),3947,Telangana,Vikarabad,Yelal,Yelal,Black,18,77.665,formation,active,17.2197778,0,0,0.27,0,0
297,Sat Nov 08 2025 22:23:41 GMT+0530 (India Standard Time),Sat Nov 08 2025 22:23:41 GMT+0530 (India Standard Time),7428,Telangana,Vikarabad,Yelal,Yelal,red,20,77.64996101,formation,active,17.20901906,0,0,0.33,0,0
298,Sat Nov 08 2025 22:23:44 GMT+0530 (India Standard Time),Sat Nov 08 2025 22:23:44 GMT+0530 (India Standard Time),906,Telangana,Vikarabad,Kodangal,Angadi Raichur,Black,40,77.6517778,blacktop,active,17.1010556,1,0,0.27,0,0
299,Sat Nov 08 2025 22:23:48 GMT+0530 (India Standard Time),Sat Nov 08 2025 22:23:48 GMT+0530 (India Standard Time),3366,Telangana,Vikarabad,Kodangal,Parsapur,Black,0,77.6527405,,active,17.0674438,0,0,0.7,0,0
300,Sat Nov 08 2025 22:23:51 GMT+0530 (India Standard Time),Sat Nov 08 2025 22:23:51 GMT+0530 (India Standard Time),499,Telangana,Vikarabad,Dudyal,Kudrimalla,black,24,77.6301667,kacha,active,17.0013889,1,0,0.25,0,0